r_shoulder_pan_joint,r_shoulder_lift_joint,r_upper_arm_roll_joint,r_elbow_flex_joint,r_forearm_roll_joint,r_wrist_flex_joint,r_wrist_roll_joint,RWrist = 6,RElbow = 7,RShoulder = 8
0.5414006334895523,1.1894834164084633,-2.589211336616427,-1.3362676699772011,3.0666923363423653,-1.205052514281124,1.1576710509946277,|[0.8194444444444444, 0.8641304347826086]|,|[0.7638888888888888, 0.7608695652173914]|,|[0, 0]|
-1.3661156212067682,0.40672918880684306,-2.8498405157588422,-1.6841884250778705,2.056545980652019,-1.6180723338853569,-3.0298550336008447,|[0.8194444444444444, 0.8641304347826086]|,|[0.7638888888888888, 0.7608695652173914]|,|[0, 0]|
-1.3951074820333003,0.9862025255325252,-2.779382999520749,-1.7903035639545881,0.3424057955586268,-1.2726158166304231,0.004918703626606291,|[0.8194444444444444, 0.8641304347826086]|,|[0.7638888888888888, 0.7608695652173914]|,|[0, 0]|
