r_shoulder_pan_joint,r_shoulder_lift_joint,r_upper_arm_roll_joint,r_elbow_flex_joint,r_forearm_roll_joint,r_wrist_flex_joint,r_wrist_roll_joint,RWrist = 6,RElbow = 7,RShoulder = 8
0.3238905705675186,0.3211286387912464,-3.113502488937229,-0.3076656932965618,2.193012100762255,-1.8352129144361242,-1.5404567370863478,|[0.8194444444444444, 0.8641304347826086]|,|[0.7638888888888888, 0.7608695652173914]|,|[0, 0]|
-0.3896415353596987,0.26757290685211776,-3.2804743999615313,-0.17096099296510214,2.234783292220045,-0.25446105990558876,1.4998920083168574,|[0.8194444444444444, 0.8641304347826086]|,|[0.7638888888888888, 0.7608695652173914]|,|[0, 0]|
-2.1288365457769096,0.8861569433922648,0.6472789496183395,-0.38504907470270977,1.8794258220864712,-1.519670960190706,0.553001909994963,|[0.8194444444444444, 0.8641304347826086]|,|[0.7638888888888888, 0.7608695652173914]|,|[0, 0]|
-2.1114741185776307,1.203982731616823,-1.487216829601675,-0.2516889175155199,-0.6829273306873862,-1.9447350316680967,-0.7455036603055474,|[0.8194444444444444, 0.8641304347826086]|,|[0.7638888888888888, 0.7608695652173914]|,|[0, 0]|
-1.3995963557944524,1.2915129782625243,-2.336419983766973,-1.1382739859703463,0.9961073219025236,-0.8478510830318555,-0.5924727139752379,|[0.8194444444444444, 0.8641304347826086]|,|[0.7638888888888888, 0.7608695652173914]|,|[0, 0]|
-0.5266977561017936,0.24842893488786655,-2.8692225383594634,-1.262197270939057,-0.11273922148109916,-1.7841257120715455,2.5455808686780452,|[0.8194444444444444, 0.8641304347826086]|,|[0.7638888888888888, 0.7608695652173914]|,|[0, 0]|
-1.1168872431005827,0.9692930699117949,-0.00932739889249179,-1.5422621257418068,0.49689590465749367,-1.8251510160043836,2.022278736780909,|[0.8194444444444444, 0.8641304347826086]|,|[0.7638888888888888, 0.7608695652173914]|,|[0, 0]|
