r_shoulder_pan_joint,r_shoulder_lift_joint,r_upper_arm_roll_joint,r_elbow_flex_joint,r_forearm_roll_joint,r_wrist_flex_joint,r_wrist_roll_joint,RWrist = 6x,RWrist = 6y,RElbow = 7x,RElbow = 7y,RShoulder = 8x,RShoulder = 8y
-0.9776973768453905,-0.2303329568591202,-1.8834163794293999,-2.1134838856107323,-2.249754001478748,-1.7020878416020424,2.3008374901339517,|[0.8194444444444444, 0.8641304347826086]|,|[0.7638888888888888, 0.7608695652173914]|,|[0, 0]|
-1.428962205615382,1.2709130059034797,-2.3040106636472046,-0.6860312919222749,-1.5657873084577485,-1.5886806460097431,-2.8939870963044667,|[0.8194444444444444, 0.8641304347826086]|,|[0.7638888888888888, 0.7608695652173914]|,|[0, 0]|
-1.8429552716529156,0.5457203807794024,-0.6662539960816498,-1.21528851942122,-0.6121264975713561,-1.6224564847769216,-1.1238795305278786,|[0.8194444444444444, 0.8641304347826086]|,|[0.7638888888888888, 0.7608695652173914]|,|[0, 0]|
