r_shoulder_pan_joint,r_shoulder_lift_joint,r_upper_arm_roll_joint,r_elbow_flex_joint,r_forearm_roll_joint,r_wrist_flex_joint,r_wrist_roll_joint
-0.15754190788884315,1.2349215581770756,-1.4441363228484985,-1.9389756812254202,2.7906043302030046,-0.5429976949002595,0.9086415419159941
-1.295249740625139,0.44319433853076773,-1.0551600052975116,-0.7430274436453124,2.964609166682883,-1.359144716570154,-0.06818957554667104
-1.7683103379420269,0.5812383074416547,0.20555708240717685,-0.758883536241576,-1.8227849504925322,-0.585894481674768,0.6256283039529298
-0.33596501474568563,0.0418199298958527,0.3800934316590432,-1.7757756176521071,-0.4430742546783084,-1.8987813662504778,-2.1936732987723775
0.30100419613769347,0.1639596206269227,-3.090725306235254,-1.5978165233002044,-1.7947674667433031,-1.5415300789754838,-0.47131032472110546
-0.16830272447133376,-0.35178472432596614,-3.5280030832625924,-0.5420136550137307,-2.724587885815969,-1.24568772201892,-2.0682082553239987
0.007008473847238239,0.027692420082679026,-3.3660422612912955,-1.3290733386348468,-0.38297371495244814,-1.8680699292104692,-1.6073443067649624
-0.7030601054277805,0.03401022262915504,-2.595786533597857,-0.5903448358423775,2.391541992271974,-1.7661626846529543,0.5754883038320959
