r_shoulder_pan_joint,r_shoulder_lift_joint,r_upper_arm_roll_joint,r_elbow_flex_joint,r_forearm_roll_joint,r_wrist_flex_joint,r_wrist_roll_joint,RWrist = 6,RElbow = 7,RShoulder = 8
-0.1553179905358737,0.36510172427711085,-2.2171311415731907,-1.4067331869884163,-3.114061086858101,-1.660024164058268,-2.889696189342397,1,2,3
0.04951743408314924,-0.19740698405904697,-3.0312136452645064,-0.3783531422826927,-2.50637851455407,-1.092664843890816,-0.7021615142683366,1,2,3
-1.5223624131499183,0.3215282211078797,-1.419245552551001,-0.36433186432805376,-0.7516040228444192,-1.446893632831052,3.0932413707190696,1,2,3
-1.0194834991442363,0.5499976609740872,-3.532297558989376,-1.2679825402763907,0.13766001194348032,-1.6207829812308774,0.8466262252891328,1,2,3
-0.7887536106479909,0.889924193549552,0.06094676963985002,-0.6627209834902548,-1.6314290219900254,-1.481917917355895,1.5825523584236585,1,2,3
-1.2677530128828538,0.8753405134523754,-0.9577294528484344,-1.9674308313009796,1.2664468967795068,-1.4480686637107283,-2.668755528082735,1,2,3
-0.4017751291471514,1.0737298023356128,-2.982816290669143,-0.41414557547892894,1.1045399817351873,-0.23090882385149603,1.238658064200231,1,2,3
0.0732319447372749,0.761088642879855,0.3237152583897114,-0.46492384945799126,-2.7552076082445986,-1.8961492052068933,0.02282917894979475,1,2,3
-0.7251527882261981,1.2594380146124866,-2.5800491985864937,-1.4482722870891682,2.1160522128340133,-1.1388515585800634,2.662296594082208,1,2,3
