r_shoulder_pan_joint,r_shoulder_lift_joint,r_upper_arm_roll_joint,r_elbow_flex_joint,r_forearm_roll_joint,r_wrist_flex_joint,r_wrist_roll_joint
-1.031829621325293,1.2250057123618667,-0.6909078960306938,-0.6003509517761645,-0.9788979676238414,-1.351779564190656,-2.513362649311316
-0.5225545277199168,0.7744171824382852,-0.4947707691229879,-1.3420910786374938,-2.4770398738762087,-0.8075509683927522,-0.9489775273516918
-0.08955399713751433,-0.022247950460086596,-0.7667816025204952,-1.646595647025481,-2.5372088006335205,-0.8953525391640142,-0.5315633048995796
0.40107869167594234,0.2738489364551846,-0.8022093917243178,-0.7343823208408662,2.7187552899506535,-0.7477110899286346,2.863562296006555
