r_shoulder_pan_joint,r_shoulder_lift_joint,r_upper_arm_roll_joint,r_elbow_flex_joint,r_forearm_roll_joint,r_wrist_flex_joint,r_wrist_roll_joint,RWrist = 6,RElbow = 7,RShoulder = 8
-2.0225143415948668,0.8220671677938663,0.007201796676963745,-1.3337084555890644,-0.9728743190461282,-0.16990138494875295,0.6861435180487852,|[0.8194444444444444, 0.8641304347826086]|,|[0.7638888888888888, 0.7608695652173914]|,|[0, 0]|
