r_shoulder_pan_joint,r_shoulder_lift_joint,r_upper_arm_roll_joint,r_elbow_flex_joint,r_forearm_roll_joint,r_wrist_flex_joint,r_wrist_roll_joint,RWrist = 6x,RWrist = 6y,RElbow = 7x,RElbow = 7y,RShoulder = 8x,RShoulder = 8y
-0.37802541890020436,0.5773014324435732,-0.17234498085454097,-0.3365539841944585,-1.4922052998374524,-1.6514278890099376,-0.9034348921238453,0.8194444444444444,0.8641304347826086,0.7638888888888888,0.7608695652173914,0,0
-1.56107941170659,0.6699942797006574,-1.4189313471317289,-2.0301942571698226,1.0420779338144603,-1.896050965390168,1.5867816063145233,0.8194444444444444,0.8641304347826086,0.7638888888888888,0.7608695652173914,0,0
-1.4645595626994647,0.8251181688190207,-3.165344306547195,-1.9529529031581945,2.9850248979943244,-1.4153440359281375,-0.7654634571054868,0.8194444444444444,0.8641304347826086,0.7638888888888888,0.7608695652173914,0,0
-1.8747844831878835,-0.16889421082804912,0.5918267493136229,-0.4982108771337428,2.3154286072611185,-0.5055061812046917,-0.50198007602221,0.8194444444444444,0.8641304347826086,0.7638888888888888,0.7608695652173914,0,0
-1.5984553015648624,0.8544822469934589,-2.901046275999397,-1.1841827988498843,3.0146040804402867,-1.5514106779824943,1.8485901627089145,0.8194444444444444,0.8641304347826086,0.7638888888888888,0.7608695652173914,0,0
-0.34838691540829303,0.3819060798913474,-3.1118010712787507,-0.4798488360447808,2.95649023759404,-0.4606474111787975,-0.4880367185396892,0.8194444444444444,0.8641304347826086,0.7638888888888888,0.7608695652173914,0,0
